epoch,time,duration,event
1.0,22:21:57,30.0,Sleep_stage_?
1.0,22:22:21,3.0,Arousal - RespEvent - 1
2.0,22:22:27,30.0,Sleep_stage_?
3.0,22:22:57,30.0,Sleep_stage_?
4.0,22:23:27,30.0,Sleep_stage_?
5.0,22:23:57,30.0,Sleep_stage_?
6.0,22:24:27,30.0,Sleep_stage_?
7.0,22:24:57,30.0,Sleep_stage_?
8.0,22:25:27,30.0,Sleep_stage_?
9.0,22:25:57,30.0,Sleep_stage_?
10.0,22:26:27,30.0,Sleep_stage_?
11.0,22:26:57,30.0,Sleep_stage_?
12.0,22:27:27,30.0,Sleep_stage_?
13.0,22:27:57,30.0,Sleep_stage_?
14.0,22:28:27,30.0,Sleep_stage_?
14.0,22:28:49,0.005,Position - Left - 1
14.0,22:28:49,0.005,Treatment - None - 1
15.0,22:28:57,30.0,Sleep_stage_?
16.0,22:29:27,30.0,Sleep_stage_W
,22:29:27,,LIGHTS OUT
17.0,22:29:57,30.0,Sleep_stage_W
18.0,22:30:27,30.0,Sleep_stage_W
19.0,22:30:57,30.0,Sleep_stage_N1
20.0,22:31:27,30.0,Sleep_stage_W
20.0,22:31:35,1.0,PLM - Periodic - 1
20.0,22:31:46,0.1,PLM - Periodic - 1
21.0,22:31:57,30.0,Sleep_stage_W
22.0,22:32:27,30.0,Sleep_stage_N1
23.0,22:32:57,30.0,Sleep_stage_N1
23.0,22:33:00,19.3,RespEvent - RERA - 6
23.0,22:33:11,1.0,PLM - Periodic - 1
24.0,22:33:27,30.0,Sleep_stage_N1
24.0,22:33:34,0.3,PLM - Periodic - 1
24.0,22:33:54,1.5,PLM - Periodic - 1
25.0,22:33:57,30.0,Sleep_stage_N1
25.0,22:34:10,0.1,PLM - Periodic - 1
26.0,22:34:27,30.0,Sleep_stage_N2
26.0,22:34:32,2.0,PLM - Periodic - 1
26.0,22:34:43,1.4,PLM - Periodic - 1
26.0,22:34:54,0.8,PLM - Periodic - 1
27.0,22:34:57,30.0,Sleep_stage_N2
27.0,22:35:24,1.0,PLM - Periodic - 1
28.0,22:35:27,30.0,Sleep_stage_N2
29.0,22:35:57,30.0,Sleep_stage_N2
29.0,22:36:08,1.0,PLM - Periodic - 1
30.0,22:36:27,30.0,Sleep_stage_N2
30.0,22:36:36,1.1,PLM - Periodic - 1
31.0,22:36:57,30.0,Sleep_stage_N2
31.0,22:37:00,1.9,PLM - Periodic - 1
32.0,22:37:27,30.0,Sleep_stage_N2
32.0,22:37:39,1.6,PLM - Periodic - 1
33.0,22:37:57,30.0,Sleep_stage_N2
33.0,22:38:09,0.4,PLM - Periodic - 1
33.0,22:38:22,0.8,PLM - Periodic - 1
34.0,22:38:27,30.0,Sleep_stage_N2
34.0,22:38:34,1.4,PLM - Periodic - 1
35.0,22:38:57,30.0,Sleep_stage_N1
35.0,22:39:03,1.0,PLM - Periodic - 1
36.0,22:39:27,30.0,Sleep_stage_N2
36.0,22:39:31,1.0,PLM - Periodic - 1
37.0,22:39:57,30.0,Sleep_stage_N2
37.0,22:40:08,14.9,RespEvent - RERA - 6
38.0,22:40:27,30.0,Sleep_stage_N2
38.0,22:40:52,1.0,PLM - Periodic - 1
39.0,22:40:57,30.0,Sleep_stage_N2
39.0,22:41:06,1.0,PLM - Periodic - 1
39.0,22:41:16,0.3,PLM - Periodic - 1
40.0,22:41:27,30.0,Sleep_stage_N2
40.0,22:41:30,1.0,PLM - Periodic - 1
40.0,22:41:44,0.4,PLM - Periodic - 1
41.0,22:41:57,30.0,Sleep_stage_N2
41.0,22:41:57,1.0,PLM - Periodic - 1
41.0,22:42:08,0.9,PLM - Periodic - 1
41.0,22:42:26,0.6,PLM - Periodic - 1
42.0,22:42:27,30.0,Sleep_stage_N2
43.0,22:42:57,30.0,Sleep_stage_N2
43.0,22:43:00,0.9,PLM - Periodic - 1
43.0,22:43:08,1.0,PLM - Periodic - 1
43.0,22:43:24,2.4,PLM - Periodic - 1
44.0,22:43:27,30.0,Sleep_stage_N2
44.0,22:43:37,0.3,PLM - Periodic - 1
44.0,22:43:46,2.1,PLM - Periodic - 1
45.0,22:43:57,30.0,Sleep_stage_N2
45.0,22:44:02,1.4,PLM - Periodic - 1
45.0,22:44:14,0.4,PLM - Periodic - 1
46.0,22:44:27,30.0,Sleep_stage_N2
46.0,22:44:43,1.5,PLM - Periodic - 1
47.0,22:44:57,30.0,Sleep_stage_N2
47.0,22:45:06,0.6,PLM - Periodic - 1
47.0,22:45:24,0.5,PLM - Periodic - 1
48.0,22:45:27,30.0,Sleep_stage_N2
48.0,22:45:51,0.5,PLM - Periodic - 1
49.0,22:45:57,30.0,Sleep_stage_N2
49.0,22:46:01,0.5,PLM - Periodic - 1
49.0,22:46:18,1.9,PLM - Periodic - 1
50.0,22:46:27,30.0,Sleep_stage_N2
50.0,22:46:40,1.8,PLM - Periodic - 1
50.0,22:46:53,1.0,PLM - Periodic - 1
51.0,22:46:57,30.0,Sleep_stage_N2
51.0,22:47:12,1.0,PLM - Periodic - 1
51.0,22:47:26,1.0,PLM - Periodic - 1
52.0,22:47:27,30.0,Sleep_stage_N2
52.0,22:47:39,0.2,PLM - Periodic - 1
52.0,22:47:55,1.3,PLM - Periodic - 1
53.0,22:47:57,30.0,Sleep_stage_N2
53.0,22:48:13,0.3,PLM - Periodic - 1
54.0,22:48:27,30.0,Sleep_stage_N2
54.0,22:48:28,3.0,PLM - Periodic - 1
54.0,22:48:44,0.7,PLM - Periodic - 1
55.0,22:48:57,30.0,Sleep_stage_N2
55.0,22:49:03,1.7,PLM - Periodic - 1
55.0,22:49:21,2.2,PLM - Periodic - 1
56.0,22:49:27,30.0,Sleep_stage_N2
56.0,22:49:36,1.8,PLM - Periodic - 1
56.0,22:49:49,2.5,PLM - Periodic - 1
57.0,22:49:57,30.0,Sleep_stage_N2
57.0,22:50:06,1.2,PLM - Periodic - 1
57.0,22:50:20,1.5,PLM - Periodic - 1
58.0,22:50:27,30.0,Sleep_stage_N2
58.0,22:50:35,0.8,PLM - Periodic - 1
58.0,22:50:49,3.3,PLM - Periodic - 1
59.0,22:50:57,30.0,Sleep_stage_N2
59.0,22:51:11,0.8,PLM - Periodic - 1
60.0,22:51:27,30.0,Sleep_stage_N2
60.0,22:51:30,1.7,PLM - Periodic - 1
60.0,22:51:49,1.0,PLM - Periodic - 1
61.0,22:51:57,30.0,Sleep_stage_N2
61.0,22:52:08,0.5,PLM - Periodic - 1
61.0,22:52:22,1.0,PLM - Periodic - 1
62.0,22:52:27,30.0,Sleep_stage_N2
62.0,22:52:40,3.7,PLM - Periodic - 1
63.0,22:52:57,30.0,Sleep_stage_N2
63.0,22:52:58,3.7,PLM - Periodic - 1
63.0,22:53:06,0.3,PLM - Periodic - 1
63.0,22:53:20,0.5,PLM - Periodic - 1
64.0,22:53:27,30.0,Sleep_stage_N2
64.0,22:53:54,1.0,PLM - Periodic - 1
65.0,22:53:57,30.0,Sleep_stage_N2
65.0,22:54:04,0.3,PLM - Periodic - 1
66.0,22:54:27,30.0,Sleep_stage_N2
66.0,22:54:40,1.3,PLM - Periodic - 1
67.0,22:54:57,30.0,Sleep_stage_N2
67.0,22:54:58,0.8,PLM - Periodic - 1
67.0,22:55:07,2.2,PLM - Periodic - 1
67.0,22:55:24,2.7,PLM - Periodic - 1
68.0,22:55:27,30.0,Sleep_stage_N2
68.0,22:55:35,0.3,PLM - Periodic - 1
68.0,22:55:49,1.3,PLM - Periodic - 1
69.0,22:55:57,30.0,Sleep_stage_N2
69.0,22:55:59,0.7,PLM - Periodic - 1
69.0,22:56:20,0.3,PLM - Periodic - 1
70.0,22:56:27,30.0,Sleep_stage_N2
70.0,22:56:31,1.0,PLM - Periodic - 1
70.0,22:56:46,0.5,PLM - Periodic - 1
70.0,22:56:56,1.0,PLM - Periodic - 1
71.0,22:56:57,30.0,Sleep_stage_N2
71.0,22:57:19,1.0,PLM - Periodic - 1
72.0,22:57:27,30.0,Sleep_stage_N2
72.0,22:57:33,1.8,PLM - Periodic - 1
72.0,22:57:49,1.2,PLM - Periodic - 1
73.0,22:57:57,30.0,Sleep_stage_N2
73.0,22:57:59,1.5,PLM - Periodic - 1
73.0,22:58:17,0.7,PLM - Periodic - 1
74.0,22:58:27,30.0,Sleep_stage_N2
74.0,22:58:30,1.7,PLM - Periodic - 1
74.0,22:58:43,1.7,PLM - Periodic - 1
75.0,22:58:57,30.0,Sleep_stage_N2
75.0,22:59:01,1.2,PLM - Periodic - 1
75.0,22:59:18,2.295,PLM - Periodic - 1
76.0,22:59:27,30.0,Sleep_stage_N2
76.0,22:59:50,1.0,PLM - Periodic - 1
77.0,22:59:57,30.0,Sleep_stage_N2
77.0,23:00:19,1.2,PLM - Periodic - 1
78.0,23:00:27,30.0,Sleep_stage_N2
78.0,23:00:30,1.8,PLM - Periodic - 1
78.0,23:00:49,4.0,PLM - Periodic - 1
79.0,23:00:57,30.0,Sleep_stage_N2
79.0,23:01:06,0.7,PLM - Periodic - 1
79.0,23:01:16,1.8,PLM - Periodic - 1
80.0,23:01:27,30.0,Sleep_stage_N2
80.0,23:01:34,1.0,PLM - Periodic - 1
80.0,23:01:47,0.8,PLM - Periodic - 1
81.0,23:01:57,30.0,Sleep_stage_N2
81.0,23:02:04,2.0,PLM - Periodic - 1
81.0,23:02:22,2.0,PLM - Periodic - 1
82.0,23:02:27,30.0,Sleep_stage_N2
82.0,23:02:37,2.5,PLM - Periodic - 1
82.0,23:02:52,2.7,PLM - Periodic - 1
83.0,23:02:57,30.0,Sleep_stage_N2
83.0,23:03:14,2.2,PLM - Periodic - 1
84.0,23:03:27,30.0,Sleep_stage_N2
84.0,23:03:32,1.5,PLM - Periodic - 1
84.0,23:03:51,2.0,PLM - Periodic - 1
85.0,23:03:57,30.0,Sleep_stage_N2
85.0,23:04:10,2.7,PLM - Periodic - 1
85.0,23:04:24,1.5,PLM - Periodic - 1
86.0,23:04:27,30.0,Sleep_stage_N2
86.0,23:04:43,2.0,PLM - Periodic - 1
87.0,23:04:57,30.0,Sleep_stage_N2
87.0,23:05:00,2.8,PLM - Periodic - 1
87.0,23:05:14,0.7,PLM - Periodic - 1
87.0,23:05:21,1.7,PLM - Periodic - 1
88.0,23:05:27,30.0,Sleep_stage_N2
88.0,23:05:43,1.8,PLM - Periodic - 1
89.0,23:05:57,30.0,Sleep_stage_N2
89.0,23:05:59,2.295,PLM - Periodic - 1
89.0,23:06:16,2.295,PLM - Periodic - 1
90.0,23:06:27,30.0,Sleep_stage_N2
90.0,23:06:36,3.8,PLM - Periodic - 1
90.0,23:06:55,1.5,PLM - Periodic - 1
91.0,23:06:57,30.0,Sleep_stage_N2
91.0,23:07:23,2.8,PLM - Periodic - 1
92.0,23:07:27,30.0,Sleep_stage_N2
93.0,23:07:57,30.0,Sleep_stage_N2
93.0,23:07:58,1.2,PLM - Periodic - 1
93.0,23:08:21,1.0,PLM - Periodic - 1
94.0,23:08:27,30.0,Sleep_stage_N2
94.0,23:08:30,0.2,PLM - Periodic - 1
94.0,23:08:51,1.8,PLM - Periodic - 1
95.0,23:08:57,30.0,Sleep_stage_N2
95.0,23:09:10,1.2,PLM - Periodic - 1
96.0,23:09:27,30.0,Sleep_stage_N2
96.0,23:09:28,2.0,PLM - Periodic - 1
96.0,23:09:43,0.8,PLM - Periodic - 1
96.0,23:09:52,3.8,PLM - Periodic - 1
97.0,23:09:57,30.0,Sleep_stage_N2
97.0,23:10:05,1.8,PLM - Periodic - 1
97.0,23:10:22,0.5,PLM - Periodic - 1
98.0,23:10:27,30.0,Sleep_stage_N2
98.0,23:10:33,0.2,PLM - Periodic - 1
98.0,23:10:47,2.5,PLM - Periodic - 1
99.0,23:10:57,30.0,Sleep_stage_N2
99.0,23:11:01,2.7,PLM - Periodic - 1
99.0,23:11:14,3.2,PLM - Periodic - 1
99.0,23:11:24,1.7,PLM - Periodic - 1
100.0,23:11:27,30.0,Sleep_stage_N2
101.0,23:11:57,30.0,Sleep_stage_N2
101.0,23:12:08,0.8,PLM - Periodic - 1
101.0,23:12:18,3.8,PLM - Periodic - 1
102.0,23:12:27,30.0,Sleep_stage_N2
102.0,23:12:32,1.3,PLM - Periodic - 1
102.0,23:12:49,1.8,PLM - Periodic - 1
103.0,23:12:57,30.0,Sleep_stage_N2
103.0,23:13:08,0.8,PLM - Periodic - 1
103.0,23:13:19,1.0,PLM - Periodic - 1
103.0,23:13:25,1.0,PLM - Periodic - 1
104.0,23:13:27,30.0,Sleep_stage_W
104.0,23:13:47,1.7,PLM - Periodic - 1
105.0,23:13:57,30.0,Sleep_stage_W
106.0,23:14:27,30.0,Sleep_stage_N1
106.0,23:14:52,1.0,PLM - Periodic - 1
107.0,23:14:57,30.0,Sleep_stage_N1
107.0,23:15:26,0.3,PLM - Periodic - 1
108.0,23:15:27,30.0,Sleep_stage_N1
109.0,23:15:57,30.0,Sleep_stage_N1
109.0,23:16:00,1.0,PLM - Periodic - 1
109.0,23:16:09,12.9,RespEvent - RERA - 6
110.0,23:16:27,30.0,Sleep_stage_N1
110.0,23:16:43,15.0,RespEvent - Hypopnea - 4
111.0,23:16:57,30.0,Sleep_stage_N1
111.0,23:17:19,20.9,RespEvent - Hypopnea - 4
112.0,23:17:27,30.0,Sleep_stage_N1
113.0,23:17:57,30.0,Sleep_stage_N1
113.0,23:18:03,17.7,RespEvent - Hypopnea - 4
114.0,23:18:27,30.0,Sleep_stage_N1
115.0,23:18:57,30.0,Sleep_stage_N1
115.0,23:19:17,14.5,RespEvent - Hypopnea - 4
116.0,23:19:27,30.0,Sleep_stage_N2
116.0,23:19:53,20.2,RespEvent - Hypopnea - 4
117.0,23:19:57,30.0,Sleep_stage_N2
118.0,23:20:27,30.0,Sleep_stage_N2
118.0,23:20:34,22.7,RespEvent - Hypopnea - 4
119.0,23:20:57,30.0,Sleep_stage_N2
119.0,23:21:23,17.5,RespEvent - ObstructiveApnea - 1
120.0,23:21:27,30.0,Sleep_stage_N1
121.0,23:21:57,30.0,Sleep_stage_N1
122.0,23:22:27,30.0,Sleep_stage_N1
123.0,23:22:57,30.0,Sleep_stage_N1
123.0,23:23:25,18.7,RespEvent - RERA - 6
124.0,23:23:27,30.0,Sleep_stage_N1
125.0,23:23:57,30.0,Sleep_stage_N1
126.0,23:24:27,30.0,Sleep_stage_N1
127.0,23:24:57,30.0,Sleep_stage_N2
127.0,23:25:11,1.0,PLM - Periodic - 1
128.0,23:25:27,30.0,Sleep_stage_N2
128.0,23:25:30,1.0,PLM - Periodic - 1
129.0,23:25:57,30.0,Sleep_stage_N2
129.0,23:26:23,1.0,PLM - Periodic - 1
130.0,23:26:27,30.0,Sleep_stage_N2
131.0,23:26:57,30.0,Sleep_stage_N2
131.0,23:26:57,0.005,Position - Right - 1
131.0,23:27:04,1.0,PLM - Periodic - 1
132.0,23:27:27,30.0,Sleep_stage_N2
132.0,23:27:28,2.2,PLM - Periodic - 1
132.0,23:27:44,0.2,PLM - Periodic - 1
133.0,23:27:57,30.0,Sleep_stage_N2
133.0,23:28:05,1.5,PLM - Periodic - 1
134.0,23:28:27,30.0,Sleep_stage_N2
134.0,23:28:39,1.0,PLM - Periodic - 1
135.0,23:28:57,30.0,Sleep_stage_N2
136.0,23:29:27,30.0,Sleep_stage_N2
136.0,23:29:51,1.0,PLM - Periodic - 1
137.0,23:29:57,30.0,Sleep_stage_N2
137.0,23:30:09,1.0,PLM - Periodic - 1
138.0,23:30:27,30.0,Sleep_stage_N2
139.0,23:30:57,30.0,Sleep_stage_N2
139.0,23:31:03,1.0,PLM - Periodic - 1
140.0,23:31:27,30.0,Sleep_stage_N2
140.0,23:31:27,1.0,PLM - Periodic - 1
140.0,23:31:49,1.0,PLM - Periodic - 1
141.0,23:31:57,30.0,Sleep_stage_N2
141.0,23:32:04,1.0,PLM - Periodic - 1
141.0,23:32:24,0.2,PLM - Periodic - 1
142.0,23:32:27,30.0,Sleep_stage_N2
143.0,23:32:57,30.0,Sleep_stage_N2
143.0,23:33:26,1.0,PLM - Periodic - 1
144.0,23:33:27,30.0,Sleep_stage_N2
144.0,23:33:40,1.0,PLM - Periodic - 1
145.0,23:33:57,30.0,Sleep_stage_N2
145.0,23:34:14,1.0,PLM - Periodic - 1
146.0,23:34:27,30.0,Sleep_stage_N2
146.0,23:34:31,0.7,PLM - Periodic - 1
146.0,23:34:51,1.2,PLM - Periodic - 1
147.0,23:34:57,30.0,Sleep_stage_N2
147.0,23:35:20,1.0,PLM - Periodic - 1
148.0,23:35:27,30.0,Sleep_stage_N2
149.0,23:35:57,30.0,Sleep_stage_N2
149.0,23:36:09,1.0,PLM - Periodic - 1
150.0,23:36:27,30.0,Sleep_stage_N2
150.0,23:36:35,1.0,PLM - Periodic - 1
150.0,23:36:46,0.8,PLM - Periodic - 1
151.0,23:36:57,30.0,Sleep_stage_N2
151.0,23:37:05,1.0,PLM - Periodic - 1
152.0,23:37:27,30.0,Sleep_stage_N2
152.0,23:37:29,1.0,PLM - Periodic - 1
153.0,23:37:57,30.0,Sleep_stage_N2
153.0,23:38:11,1.0,PLM - Periodic - 1
154.0,23:38:27,30.0,Sleep_stage_N2
154.0,23:38:31,1.5,PLM - Periodic - 1
154.0,23:38:52,1.0,PLM - Periodic - 1
155.0,23:38:57,30.0,Sleep_stage_N2
156.0,23:39:27,30.0,Sleep_stage_N2
156.0,23:39:31,1.0,PLM - Periodic - 1
156.0,23:39:51,1.0,PLM - Periodic - 1
157.0,23:39:57,30.0,Sleep_stage_N2
158.0,23:40:27,30.0,Sleep_stage_N2
158.0,23:40:31,1.0,PLM - Periodic - 1
159.0,23:40:57,30.0,Sleep_stage_N2
159.0,23:40:59,1.0,PLM - Periodic - 1
159.0,23:41:16,16.895,RespEvent - RERA - 6
159.0,23:41:18,0.3,PLM - Periodic - 1
160.0,23:41:27,30.0,Sleep_stage_R
161.0,23:41:57,30.0,Sleep_stage_R
162.0,23:42:27,30.0,Sleep_stage_R
163.0,23:42:57,30.0,Sleep_stage_R
164.0,23:43:27,30.0,Sleep_stage_R
165.0,23:43:57,30.0,Sleep_stage_R
166.0,23:44:27,30.0,Sleep_stage_R
167.0,23:44:57,30.0,Sleep_stage_R
168.0,23:45:27,30.0,Sleep_stage_R
168.0,23:45:34,25.7,RespEvent - Hypopnea - 4
169.0,23:45:57,30.0,Sleep_stage_R
170.0,23:46:27,30.0,Sleep_stage_R
171.0,23:46:57,30.0,Sleep_stage_R
172.0,23:47:27,30.0,Sleep_stage_R
173.0,23:47:57,30.0,Sleep_stage_R
174.0,23:48:27,30.0,Sleep_stage_R
174.0,23:48:29,26.2,RespEvent - RERA - 6
175.0,23:48:57,30.0,Sleep_stage_N1
176.0,23:49:27,30.0,Sleep_stage_W
177.0,23:49:57,30.0,Sleep_stage_W
178.0,23:50:27,30.0,Sleep_stage_N1
178.0,23:50:32,0.005,Position - Supine - 1
179.0,23:50:57,30.0,Sleep_stage_N1
179.0,23:51:13,1.0,PLM - Periodic - 1
180.0,23:51:27,30.0,Sleep_stage_N1
180.0,23:51:40,0.5,PLM - Periodic - 1
181.0,23:51:57,30.0,Sleep_stage_N1
181.0,23:52:05,1.0,PLM - Periodic - 1
181.0,23:52:12,1.2,PLM - Periodic - 1
182.0,23:52:27,30.0,Sleep_stage_N1
183.0,23:52:57,30.0,Sleep_stage_N1
183.0,23:52:58,1.2,PLM - Periodic - 1
183.0,23:53:22,1.0,PLM - Periodic - 1
184.0,23:53:27,30.0,Sleep_stage_N1
184.0,23:53:52,1.2,PLM - Periodic - 1
185.0,23:53:57,30.0,Sleep_stage_N1
186.0,23:54:27,30.0,Sleep_stage_N1
186.0,23:54:28,1.3,PLM - Periodic - 1
186.0,23:54:31,22.7,RespEvent - Hypopnea - 4
187.0,23:54:57,30.0,Sleep_stage_N1
187.0,23:55:24,23.2,RespEvent - Hypopnea - 4
188.0,23:55:27,30.0,Sleep_stage_N1
189.0,23:55:57,30.0,Sleep_stage_N1
189.0,23:56:09,21.4,RespEvent - RERA - 6
190.0,23:56:27,30.0,Sleep_stage_N1
190.0,23:56:53,24.0,RespEvent - Hypopnea - 4
191.0,23:56:57,30.0,Sleep_stage_N1
192.0,23:57:27,30.0,Sleep_stage_N1
193.0,23:57:57,30.0,Sleep_stage_N1
193.0,23:58:14,21.0,RespEvent - RERA - 6
194.0,23:58:27,30.0,Sleep_stage_N1
194.0,23:58:49,22.0,RespEvent - RERA - 6
195.0,23:58:57,30.0,Sleep_stage_N1
195.0,23:59:22,26.2,RespEvent - Hypopnea - 4
196.0,23:59:27,30.0,Sleep_stage_N1
197.0,23:59:57,30.0,Sleep_stage_N2
197.0,23:59:59,30.5,RespEvent - Hypopnea - 4
198.0,00:00:27,30.0,Sleep_stage_N2
199.0,00:00:57,30.0,Sleep_stage_N2
199.0,00:00:57,25.2,RespEvent - Hypopnea - 4
200.0,00:01:27,30.0,Sleep_stage_N2
200.0,00:01:37,22.7,RespEvent - Hypopnea - 4
201.0,00:01:57,30.0,Sleep_stage_N2
202.0,00:02:27,30.0,Sleep_stage_N2
202.0,00:02:38,24.4,RespEvent - Hypopnea - 4
203.0,00:02:57,30.0,Sleep_stage_N2
204.0,00:03:27,30.0,Sleep_stage_N2
204.0,00:03:33,18.5,RespEvent - ObstructiveApnea - 1
205.0,00:03:57,30.0,Sleep_stage_N2
206.0,00:04:27,30.0,Sleep_stage_N2
206.0,00:04:36,31.2,RespEvent - Hypopnea - 4
207.0,00:04:57,30.0,Sleep_stage_N2
208.0,00:05:27,30.0,Sleep_stage_N2
208.0,00:05:37,1.7,PLM - Periodic - 1
209.0,00:05:57,30.0,Sleep_stage_N2
209.0,00:06:00,1.5,PLM - Periodic - 1
209.0,00:06:22,2.0,PLM - Periodic - 1
210.0,00:06:27,30.0,Sleep_stage_N2
210.0,00:06:50,20.395,RespEvent - RERA - 6
211.0,00:06:57,30.0,Sleep_stage_N2
212.0,00:07:27,30.0,Sleep_stage_N2
212.0,00:07:27,20.395,RespEvent - Hypopnea - 4
213.0,00:07:57,30.0,Sleep_stage_W
214.0,00:08:27,30.0,Sleep_stage_N1
214.0,00:08:43,0.3,PLM - Periodic - 1
215.0,00:08:57,30.0,Sleep_stage_N1
215.0,00:09:19,2.8,PLM - Periodic - 1
216.0,00:09:27,30.0,Sleep_stage_N1
216.0,00:09:48,17.7,RespEvent - Hypopnea - 4
217.0,00:09:57,30.0,Sleep_stage_N1
218.0,00:10:27,30.0,Sleep_stage_N1
219.0,00:10:57,30.0,Sleep_stage_N1
219.0,00:11:12,1.0,PLM - Periodic - 1
219.0,00:11:23,16.395,RespEvent - ObstructiveApnea - 1
220.0,00:11:27,30.0,Sleep_stage_N1
220.0,00:11:53,21.9,RespEvent - RERA - 6
221.0,00:11:57,30.0,Sleep_stage_N1
222.0,00:12:27,30.0,Sleep_stage_N1
222.0,00:12:50,20.395,RespEvent - Hypopnea - 4
223.0,00:12:57,30.0,Sleep_stage_N1
224.0,00:13:27,30.0,Sleep_stage_N1
224.0,00:13:36,21.7,RespEvent - Hypopnea - 4
225.0,00:13:57,30.0,Sleep_stage_N2
226.0,00:14:27,30.0,Sleep_stage_N1
226.0,00:14:41,20.7,RespEvent - Hypopnea - 4
227.0,00:14:57,30.0,Sleep_stage_N1
227.0,00:15:15,15.7,RespEvent - RERA - 6
228.0,00:15:27,30.0,Sleep_stage_N1
228.0,00:15:39,19.395,RespEvent - RERA - 6
229.0,00:15:57,30.0,Sleep_stage_N2
230.0,00:16:27,30.0,Sleep_stage_N1
230.0,00:16:39,21.9,RespEvent - Hypopnea - 4
231.0,00:16:57,30.0,Sleep_stage_N1
232.0,00:17:27,30.0,Sleep_stage_N1
232.0,00:17:35,1.0,PLM - Periodic - 1
232.0,00:17:40,18.895,RespEvent - RERA - 6
233.0,00:17:57,30.0,Sleep_stage_N1
233.0,00:18:11,23.7,RespEvent - Hypopnea - 4
234.0,00:18:27,30.0,Sleep_stage_N1
235.0,00:18:57,30.0,Sleep_stage_W
235.0,00:19:20,1.0,PLM - Periodic - 1
236.0,00:19:27,30.0,Sleep_stage_W
236.0,00:19:46,0.005,Position - Left - 1
237.0,00:19:57,30.0,Sleep_stage_W
237.0,00:20:25,0.2,PLM - Periodic - 1
238.0,00:20:27,30.0,Sleep_stage_N1
238.0,00:20:55,2.7,PLM - Periodic - 1
239.0,00:20:57,30.0,Sleep_stage_N1
240.0,00:21:27,30.0,Sleep_stage_N1
241.0,00:21:57,30.0,Sleep_stage_N1
241.0,00:22:14,0.2,PLM - Periodic - 1
241.0,00:22:26,1.2,PLM - Periodic - 1
242.0,00:22:27,30.0,Sleep_stage_N2
242.0,00:22:44,2.0,PLM - Periodic - 1
243.0,00:22:57,30.0,Sleep_stage_N2
243.0,00:22:57,1.0,PLM - Periodic - 1
244.0,00:23:27,30.0,Sleep_stage_N1
245.0,00:23:57,30.0,Sleep_stage_N2
245.0,00:24:17,1.0,PLM - Periodic - 1
246.0,00:24:27,30.0,Sleep_stage_N2
246.0,00:24:38,1.0,PLM - Periodic - 1
247.0,00:24:57,30.0,Sleep_stage_N2
248.0,00:25:27,30.0,Sleep_stage_N2
249.0,00:25:57,30.0,Sleep_stage_N2
249.0,00:26:22,1.0,PLM - Periodic - 1
250.0,00:26:27,30.0,Sleep_stage_N2
250.0,00:26:50,1.0,PLM - Periodic - 1
251.0,00:26:57,30.0,Sleep_stage_N2
251.0,00:27:15,2.7,PLM - Periodic - 1
252.0,00:27:27,30.0,Sleep_stage_N1
252.0,00:27:55,1.0,PLM - Periodic - 1
253.0,00:27:57,30.0,Sleep_stage_N1
254.0,00:28:27,30.0,Sleep_stage_N2
254.0,00:28:41,2.2,PLM - Periodic - 1
255.0,00:28:57,30.0,Sleep_stage_N1
256.0,00:29:27,30.0,Sleep_stage_N1
257.0,00:29:57,30.0,Sleep_stage_N2
257.0,00:30:06,1.0,PLM - Periodic - 1
257.0,00:30:26,2.0,PLM - Periodic - 1
258.0,00:30:27,30.0,Sleep_stage_N2
259.0,00:30:57,30.0,Sleep_stage_N2
260.0,00:31:27,30.0,Sleep_stage_N2
260.0,00:31:30,1.0,PLM - Periodic - 1
261.0,00:31:57,30.0,Sleep_stage_N2
261.0,00:32:10,0.5,PLM - Periodic - 1
262.0,00:32:27,30.0,Sleep_stage_N2
262.0,00:32:45,1.0,PLM - Periodic - 1
263.0,00:32:57,30.0,Sleep_stage_N2
263.0,00:33:04,1.0,PLM - Periodic - 1
264.0,00:33:27,30.0,Sleep_stage_N2
264.0,00:33:37,21.2,RespEvent - RERA - 6
265.0,00:33:57,30.0,Sleep_stage_N2
265.0,00:34:21,25.5,RespEvent - Hypopnea - 4
266.0,00:34:27,30.0,Sleep_stage_N2
267.0,00:34:57,30.0,Sleep_stage_N2
267.0,00:35:15,1.0,PLM - Isolated - 1
268.0,00:35:27,30.0,Sleep_stage_N2
268.0,00:35:47,1.0,PLM - Isolated - 1
269.0,00:35:57,30.0,Sleep_stage_N2
270.0,00:36:27,30.0,Sleep_stage_N2
271.0,00:36:57,30.0,Sleep_stage_N2
271.0,00:37:21,0.5,PLM - Periodic - 1
272.0,00:37:27,30.0,Sleep_stage_N2
272.0,00:37:38,1.0,PLM - Periodic - 1
273.0,00:37:57,30.0,Sleep_stage_N2
274.0,00:38:27,30.0,Sleep_stage_N2
274.0,00:38:29,0.2,PLM - Periodic - 1
274.0,00:38:56,0.5,PLM - Periodic - 1
275.0,00:38:57,30.0,Sleep_stage_N2
275.0,00:39:16,0.2,PLM - Periodic - 1
275.0,00:39:22,1.5,PLM - Periodic - 1
276.0,00:39:27,30.0,Sleep_stage_N2
277.0,00:39:57,30.0,Sleep_stage_N2
277.0,00:40:14,1.0,PLM - Periodic - 1
278.0,00:40:27,30.0,Sleep_stage_N2
278.0,00:40:54,1.0,PLM - Periodic - 1
279.0,00:40:57,30.0,Sleep_stage_N2
279.0,00:41:02,1.0,PLM - Periodic - 1
280.0,00:41:27,30.0,Sleep_stage_N2
280.0,00:41:35,3.3,PLM - Periodic - 1
280.0,00:41:56,2.295,PLM - Periodic - 1
281.0,00:41:57,30.0,Sleep_stage_N2
282.0,00:42:27,30.0,Sleep_stage_N2
282.0,00:42:46,0.8,PLM - Periodic - 1
283.0,00:42:57,30.0,Sleep_stage_N2
283.0,00:43:19,1.0,PLM - Periodic - 1
284.0,00:43:27,30.0,Sleep_stage_N2
284.0,00:43:50,2.7,PLM - Periodic - 1
285.0,00:43:57,30.0,Sleep_stage_N2
285.0,00:44:08,1.8,PLM - Periodic - 1
285.0,00:44:22,2.0,PLM - Periodic - 1
286.0,00:44:27,30.0,Sleep_stage_N2
286.0,00:44:50,1.0,PLM - Periodic - 1
287.0,00:44:57,30.0,Sleep_stage_N2
287.0,00:45:03,5.0,PLM - Periodic - 1
287.0,00:45:23,0.7,PLM - Periodic - 1
288.0,00:45:27,30.0,Sleep_stage_N2
288.0,00:45:34,2.0,PLM - Periodic - 1
288.0,00:45:54,4.5,PLM - Periodic - 1
289.0,00:45:57,30.0,Sleep_stage_N2
289.0,00:46:07,3.8,PLM - Periodic - 1
290.0,00:46:27,30.0,Sleep_stage_W
290.0,00:46:37,4.8,PLM - Periodic - 1
291.0,00:46:57,30.0,Sleep_stage_W
291.0,00:47:06,0.005,Position - Supine - 1
292.0,00:47:27,30.0,Sleep_stage_W
292.0,00:47:29,2.7,PLM - Periodic - 1
292.0,00:47:56,1.5,PLM - Periodic - 1
293.0,00:47:57,30.0,Sleep_stage_W
293.0,00:48:17,1.8,PLM - Periodic - 1
294.0,00:48:27,30.0,Sleep_stage_N1
294.0,00:48:51,0.3,PLM - Periodic - 1
295.0,00:48:57,30.0,Sleep_stage_N1
296.0,00:49:27,30.0,Sleep_stage_N1
297.0,00:49:57,30.0,Sleep_stage_N1
298.0,00:50:27,30.0,Sleep_stage_N1
298.0,00:50:34,3.8,PLM - Periodic - 1
299.0,00:50:57,30.0,Sleep_stage_N1
300.0,00:51:27,30.0,Sleep_stage_N1
300.0,00:51:32,24.2,RespEvent - RERA - 6
301.0,00:51:57,30.0,Sleep_stage_N1
301.0,00:52:11,23.0,RespEvent - Hypopnea - 4
302.0,00:52:27,30.0,Sleep_stage_N1
302.0,00:52:52,21.5,RespEvent - Hypopnea - 4
303.0,00:52:57,30.0,Sleep_stage_N1
304.0,00:53:27,30.0,Sleep_stage_N1
304.0,00:53:32,34.4,RespEvent - Hypopnea - 4
305.0,00:53:57,30.0,Sleep_stage_N1
305.0,00:54:15,31.5,RespEvent - Hypopnea - 4
306.0,00:54:27,30.0,Sleep_stage_N1
307.0,00:54:57,30.0,Sleep_stage_N1
307.0,00:55:06,33.7,RespEvent - Hypopnea - 4
308.0,00:55:27,30.0,Sleep_stage_N1
309.0,00:55:57,30.0,Sleep_stage_N1
309.0,00:56:10,22.2,RespEvent - RERA - 6
310.0,00:56:27,30.0,Sleep_stage_N1
310.0,00:56:45,26.9,RespEvent - RERA - 6
311.0,00:56:57,30.0,Sleep_stage_N1
312.0,00:57:27,30.0,Sleep_stage_N1
312.0,00:57:35,23.2,RespEvent - ObstructiveApnea - 1
313.0,00:57:57,30.0,Sleep_stage_N1
313.0,00:58:09,45.9,RespEvent - Hypopnea - 4
314.0,00:58:27,30.0,Sleep_stage_N1
315.0,00:58:57,30.0,Sleep_stage_N2
315.0,00:59:15,20.5,RespEvent - RERA - 6
316.0,00:59:27,30.0,Sleep_stage_N1
316.0,00:59:46,22.2,RespEvent - RERA - 6
317.0,00:59:57,30.0,Sleep_stage_N2
318.0,01:00:27,30.0,Sleep_stage_N2
318.0,01:00:38,23.4,RespEvent - ObstructiveApnea - 1
319.0,01:00:57,30.0,Sleep_stage_N2
319.0,01:01:17,29.7,RespEvent - Hypopnea - 4
320.0,01:01:27,30.0,Sleep_stage_N2
321.0,01:01:57,30.0,Sleep_stage_N2
321.0,01:02:06,29.2,RespEvent - ObstructiveApnea - 1
322.0,01:02:27,30.0,Sleep_stage_N2
322.0,01:02:56,44.9,RespEvent - Hypopnea - 4
323.0,01:02:57,30.0,Sleep_stage_N2
324.0,01:03:27,30.0,Sleep_stage_N2
325.0,01:03:57,30.0,Sleep_stage_N2
325.0,01:04:07,19.895,RespEvent - ObstructiveApnea - 1
326.0,01:04:27,30.0,Sleep_stage_N1
326.0,01:04:44,21.0,RespEvent - RERA - 6
327.0,01:04:57,30.0,Sleep_stage_N2
328.0,01:05:27,30.0,Sleep_stage_N2
328.0,01:05:28,34.9,RespEvent - RERA - 6
329.0,01:05:57,30.0,Sleep_stage_N2
329.0,01:06:16,28.7,RespEvent - Hypopnea - 4
330.0,01:06:27,30.0,Sleep_stage_N2
331.0,01:06:57,30.0,Sleep_stage_N1
331.0,01:07:04,34.5,RespEvent - Hypopnea - 4
332.0,01:07:27,30.0,Sleep_stage_N2
332.0,01:07:50,30.7,RespEvent - Hypopnea - 4
333.0,01:07:57,30.0,Sleep_stage_N1
334.0,01:08:27,30.0,Sleep_stage_N1
335.0,01:08:57,30.0,Sleep_stage_N1
335.0,01:09:06,0.3,PLM - Periodic - 1
335.0,01:09:18,3.5,PLM - Periodic - 1
336.0,01:09:27,30.0,Sleep_stage_N1
336.0,01:09:43,16.2,RespEvent - ObstructiveApnea - 1
337.0,01:09:57,30.0,Sleep_stage_N1
337.0,01:10:17,11.0,RespEvent - ObstructiveApnea - 1
338.0,01:10:27,30.0,Sleep_stage_N1
338.0,01:10:49,21.0,RespEvent - ObstructiveApnea - 1
339.0,01:10:57,30.0,Sleep_stage_N1
340.0,01:11:27,30.0,Sleep_stage_N1
340.0,01:11:32,21.7,RespEvent - RERA - 6
341.0,01:11:57,30.0,Sleep_stage_N1
341.0,01:12:21,21.7,RespEvent - RERA - 6
342.0,01:12:27,30.0,Sleep_stage_N2
343.0,01:12:57,30.0,Sleep_stage_N1
343.0,01:13:14,11.5,RespEvent - ObstructiveApnea - 1
344.0,01:13:27,30.0,Sleep_stage_N2
344.0,01:13:32,13.2,RespEvent - ObstructiveApnea - 1
345.0,01:13:57,30.0,Sleep_stage_N1
345.0,01:14:04,22.0,RespEvent - ObstructiveApnea - 1
346.0,01:14:27,30.0,Sleep_stage_N1
346.0,01:14:43,22.5,RespEvent - ObstructiveApnea - 1
347.0,01:14:57,30.0,Sleep_stage_W
347.0,01:15:15,0.005,Position - Left - 1
348.0,01:15:27,30.0,Sleep_stage_N1
349.0,01:15:57,30.0,Sleep_stage_N1
350.0,01:16:27,30.0,Sleep_stage_N2
351.0,01:16:57,30.0,Sleep_stage_N2
352.0,01:17:27,30.0,Sleep_stage_R
353.0,01:17:57,30.0,Sleep_stage_R
354.0,01:18:27,30.0,Sleep_stage_R
355.0,01:18:57,30.0,Sleep_stage_R
356.0,01:19:27,30.0,Sleep_stage_R
357.0,01:19:57,30.0,Sleep_stage_R
358.0,01:20:27,30.0,Sleep_stage_R
358.0,01:20:56,26.9,RespEvent - RERA - 6
359.0,01:20:57,30.0,Sleep_stage_R
360.0,01:21:27,30.0,Sleep_stage_R
361.0,01:21:57,30.0,Sleep_stage_R
361.0,01:22:00,37.4,RespEvent - RERA - 6
362.0,01:22:27,30.0,Sleep_stage_R
363.0,01:22:57,30.0,Sleep_stage_R
364.0,01:23:27,30.0,Sleep_stage_R
364.0,01:23:27,13.5,RespEvent - CentralApnea - 2
365.0,01:23:57,30.0,Sleep_stage_R
366.0,01:24:27,30.0,Sleep_stage_R
367.0,01:24:57,30.0,Sleep_stage_R
368.0,01:25:27,30.0,Sleep_stage_R
368.0,01:25:35,13.2,RespEvent - CentralApnea - 2
369.0,01:25:57,30.0,Sleep_stage_R
370.0,01:26:27,30.0,Sleep_stage_R
371.0,01:26:57,30.0,Sleep_stage_R
372.0,01:27:27,30.0,Sleep_stage_R
372.0,01:27:35,1.0,PLM - Isolated - 1
373.0,01:27:57,30.0,Sleep_stage_R
374.0,01:28:27,30.0,Sleep_stage_R
375.0,01:28:57,30.0,Sleep_stage_R
376.0,01:29:27,30.0,Sleep_stage_R
377.0,01:29:57,30.0,Sleep_stage_R
377.0,01:30:18,1.0,PLM - Isolated - 1
378.0,01:30:27,30.0,Sleep_stage_R
379.0,01:30:57,30.0,Sleep_stage_R
380.0,01:31:27,30.0,Sleep_stage_R
381.0,01:31:57,30.0,Sleep_stage_R
382.0,01:32:27,30.0,Sleep_stage_R
383.0,01:32:57,30.0,Sleep_stage_R
384.0,01:33:27,30.0,Sleep_stage_R
385.0,01:33:57,30.0,Sleep_stage_R
386.0,01:34:27,30.0,Sleep_stage_R
387.0,01:34:57,30.0,Sleep_stage_R
387.0,01:35:08,1.0,PLM - Isolated - 1
388.0,01:35:27,30.0,Sleep_stage_R
389.0,01:35:57,30.0,Sleep_stage_R
390.0,01:36:27,30.0,Sleep_stage_R
391.0,01:36:57,30.0,Sleep_stage_R
392.0,01:37:27,30.0,Sleep_stage_R
393.0,01:37:57,30.0,Sleep_stage_R
394.0,01:38:27,30.0,Sleep_stage_R
394.0,01:38:50,19.895,RespEvent - RERA - 6
395.0,01:38:57,30.0,Sleep_stage_R
396.0,01:39:27,30.0,Sleep_stage_R
397.0,01:39:57,30.0,Sleep_stage_R
397.0,01:40:16,1.0,PLM - Isolated - 1
398.0,01:40:27,30.0,Sleep_stage_R
399.0,01:40:57,30.0,Sleep_stage_R
400.0,01:41:27,30.0,Sleep_stage_R
400.0,01:41:51,24.2,RespEvent - RERA - 6
401.0,01:41:57,30.0,Sleep_stage_R
402.0,01:42:27,30.0,Sleep_stage_R
403.0,01:42:57,30.0,Sleep_stage_R
403.0,01:43:03,20.2,RespEvent - RERA - 6
404.0,01:43:27,30.0,Sleep_stage_R
405.0,01:43:57,30.0,Sleep_stage_N1
405.0,01:44:24,1.0,PLM - Isolated - 1
406.0,01:44:27,30.0,Sleep_stage_N1
407.0,01:44:57,30.0,Sleep_stage_N1
408.0,01:45:27,30.0,Sleep_stage_N1
409.0,01:45:57,30.0,Sleep_stage_R
410.0,01:46:27,30.0,Sleep_stage_N1
411.0,01:46:57,30.0,Sleep_stage_N1
411.0,01:47:23,15.5,RespEvent - RERA - 6
412.0,01:47:27,30.0,Sleep_stage_N1
413.0,01:47:57,30.0,Sleep_stage_N1
413.0,01:48:08,1.0,PLM - Isolated - 1
414.0,01:48:27,30.0,Sleep_stage_N2
415.0,01:48:57,30.0,Sleep_stage_N2
416.0,01:49:27,30.0,Sleep_stage_N2
417.0,01:49:57,30.0,Sleep_stage_N1
418.0,01:50:27,30.0,Sleep_stage_N2
418.0,01:50:39,1.7,PLM - Periodic - 1
419.0,01:50:57,30.0,Sleep_stage_N2
419.0,01:51:02,0.7,PLM - Periodic - 1
420.0,01:51:27,30.0,Sleep_stage_N2
420.0,01:51:33,1.7,PLM - Periodic - 1
421.0,01:51:57,30.0,Sleep_stage_N2
421.0,01:52:17,1.0,PLM - Periodic - 1
422.0,01:52:27,30.0,Sleep_stage_W
423.0,01:52:57,30.0,Sleep_stage_N1
423.0,01:52:57,0.005,Position - Supine - 1
424.0,01:53:27,30.0,Sleep_stage_N1
424.0,01:53:27,2.2,PLM - Periodic - 1
424.0,01:53:51,0.5,PLM - Periodic - 1
425.0,01:53:57,30.0,Sleep_stage_N1
426.0,01:54:27,30.0,Sleep_stage_N1
426.0,01:54:44,20.395,RespEvent - Hypopnea - 4
427.0,01:54:57,30.0,Sleep_stage_N2
428.0,01:55:27,30.0,Sleep_stage_N2
428.0,01:55:30,26.4,RespEvent - Hypopnea - 4
429.0,01:55:57,30.0,Sleep_stage_N2
429.0,01:56:15,18.5,RespEvent - ObstructiveApnea - 1
430.0,01:56:27,30.0,Sleep_stage_N2
430.0,01:56:42,22.7,RespEvent - ObstructiveApnea - 1
431.0,01:56:57,30.0,Sleep_stage_N2
432.0,01:57:27,30.0,Sleep_stage_N2
432.0,01:57:39,17.2,RespEvent - Hypopnea - 4
433.0,01:57:57,30.0,Sleep_stage_N2
433.0,01:58:06,25.2,RespEvent - ObstructiveApnea - 1
434.0,01:58:27,30.0,Sleep_stage_N2
435.0,01:58:57,30.0,Sleep_stage_N2
435.0,01:58:59,25.0,RespEvent - ObstructiveApnea - 1
436.0,01:59:27,30.0,Sleep_stage_N2
436.0,01:59:34,33.5,RespEvent - Hypopnea - 4
437.0,01:59:57,30.0,Sleep_stage_N2
438.0,02:00:27,30.0,Sleep_stage_N2
438.0,02:00:28,34.0,RespEvent - Hypopnea - 4
439.0,02:00:57,30.0,Sleep_stage_W
440.0,02:01:27,30.0,Sleep_stage_N1
440.0,02:01:32,26.5,RespEvent - RERA - 6
441.0,02:01:57,30.0,Sleep_stage_N1
441.0,02:02:17,19.2,RespEvent - RERA - 6
442.0,02:02:27,30.0,Sleep_stage_N1
443.0,02:02:57,30.0,Sleep_stage_N1
443.0,02:03:08,24.7,RespEvent - Hypopnea - 4
444.0,02:03:27,30.0,Sleep_stage_N1
444.0,02:03:53,22.7,RespEvent - ObstructiveApnea - 1
445.0,02:03:57,30.0,Sleep_stage_N1
446.0,02:04:27,30.0,Sleep_stage_R
446.0,02:04:49,17.5,RespEvent - RERA - 6
447.0,02:04:57,30.0,Sleep_stage_R
448.0,02:05:27,30.0,Sleep_stage_R
448.0,02:05:28,13.4,RespEvent - ObstructiveApnea - 1
449.0,02:05:57,30.0,Sleep_stage_R
449.0,02:05:57,27.4,RespEvent - ObstructiveApnea - 1
450.0,02:06:27,30.0,Sleep_stage_N1
450.0,02:06:51,16.895,RespEvent - ObstructiveApnea - 1
451.0,02:06:57,30.0,Sleep_stage_R
451.0,02:07:19,21.7,RespEvent - RERA - 6
452.0,02:07:27,30.0,Sleep_stage_R
453.0,02:07:57,30.0,Sleep_stage_N1
453.0,02:08:05,16.0,RespEvent - ObstructiveApnea - 1
454.0,02:08:27,30.0,Sleep_stage_R
454.0,02:08:30,32.4,RespEvent - Hypopnea - 4
455.0,02:08:57,30.0,Sleep_stage_N1
455.0,02:09:19,27.2,RespEvent - Hypopnea - 4
456.0,02:09:27,30.0,Sleep_stage_N1
457.0,02:09:57,30.0,Sleep_stage_N2
457.0,02:10:14,18.395,RespEvent - ObstructiveApnea - 1
458.0,02:10:27,30.0,Sleep_stage_N2
458.0,02:10:41,23.9,RespEvent - Hypopnea - 4
459.0,02:10:57,30.0,Sleep_stage_N1
460.0,02:11:27,30.0,Sleep_stage_N1
460.0,02:11:36,20.7,RespEvent - ObstructiveApnea - 1
461.0,02:11:57,30.0,Sleep_stage_W
462.0,02:12:27,30.0,Sleep_stage_N1
462.0,02:12:47,1.0,PLM - Isolated - 1
463.0,02:12:57,30.0,Sleep_stage_N1
463.0,02:13:18,17.5,RespEvent - RERA - 6
464.0,02:13:27,30.0,Sleep_stage_N1
464.0,02:13:50,16.7,RespEvent - RERA - 6
465.0,02:13:57,30.0,Sleep_stage_N1
465.0,02:14:26,21.5,RespEvent - ObstructiveApnea - 1
466.0,02:14:27,30.0,Sleep_stage_N1
467.0,02:14:57,30.0,Sleep_stage_W
467.0,02:15:08,0.005,Position - Left - 1
468.0,02:15:27,30.0,Sleep_stage_W
468.0,02:15:31,1.0,PLM - Isolated - 1
469.0,02:15:57,30.0,Sleep_stage_W
470.0,02:16:27,30.0,Sleep_stage_N1
471.0,02:16:57,30.0,Sleep_stage_N2
471.0,02:16:58,19.2,RespEvent - RERA - 6
472.0,02:17:27,30.0,Sleep_stage_N2
472.0,02:17:29,17.2,RespEvent - RERA - 6
473.0,02:17:57,30.0,Sleep_stage_N2
474.0,02:18:27,30.0,Sleep_stage_N2
475.0,02:18:57,30.0,Sleep_stage_N2
476.0,02:19:27,30.0,Sleep_stage_N2
476.0,02:19:47,1.0,PLM - Isolated - 1
477.0,02:19:57,30.0,Sleep_stage_N2
477.0,02:20:06,0.5,PLM - Isolated - 1
478.0,02:20:27,30.0,Sleep_stage_N2
479.0,02:20:57,30.0,Sleep_stage_N2
480.0,02:21:27,30.0,Sleep_stage_N2
480.0,02:21:30,1.0,PLM - Periodic - 1
481.0,02:21:57,30.0,Sleep_stage_N2
482.0,02:22:27,30.0,Sleep_stage_N2
483.0,02:22:57,30.0,Sleep_stage_N2
484.0,02:23:27,30.0,Sleep_stage_N2
485.0,02:23:57,30.0,Sleep_stage_N2
486.0,02:24:27,30.0,Sleep_stage_N2
487.0,02:24:57,30.0,Sleep_stage_N2
488.0,02:25:27,30.0,Sleep_stage_N2
489.0,02:25:57,30.0,Sleep_stage_N2
490.0,02:26:27,30.0,Sleep_stage_N2
491.0,02:26:57,30.0,Sleep_stage_N2
492.0,02:27:27,30.0,Sleep_stage_N2
493.0,02:27:57,30.0,Sleep_stage_N2
494.0,02:28:27,30.0,Sleep_stage_N2
495.0,02:28:57,30.0,Sleep_stage_N2
496.0,02:29:27,30.0,Sleep_stage_N2
497.0,02:29:57,30.0,Sleep_stage_N2
498.0,02:30:27,30.0,Sleep_stage_N2
499.0,02:30:57,30.0,Sleep_stage_N2
500.0,02:31:27,30.0,Sleep_stage_N2
501.0,02:31:57,30.0,Sleep_stage_N2
502.0,02:32:27,30.0,Sleep_stage_N2
503.0,02:32:57,30.0,Sleep_stage_N2
504.0,02:33:27,30.0,Sleep_stage_N2
505.0,02:33:57,30.0,Sleep_stage_N2
506.0,02:34:27,30.0,Sleep_stage_N2
507.0,02:34:57,30.0,Sleep_stage_N2
508.0,02:35:27,30.0,Sleep_stage_N2
509.0,02:35:57,30.0,Sleep_stage_N2
510.0,02:36:27,30.0,Sleep_stage_N2
510.0,02:36:27,1.0,PLM - Isolated - 1
511.0,02:36:57,30.0,Sleep_stage_N2
512.0,02:37:27,30.0,Sleep_stage_N2
513.0,02:37:57,30.0,Sleep_stage_N2
514.0,02:38:27,30.0,Sleep_stage_N2
515.0,02:38:57,30.0,Sleep_stage_N2
516.0,02:39:27,30.0,Sleep_stage_N2
517.0,02:39:57,30.0,Sleep_stage_N2
518.0,02:40:27,30.0,Sleep_stage_N2
519.0,02:40:57,30.0,Sleep_stage_N2
520.0,02:41:27,30.0,Sleep_stage_N2
521.0,02:41:57,30.0,Sleep_stage_N2
522.0,02:42:27,30.0,Sleep_stage_N2
523.0,02:42:57,30.0,Sleep_stage_N2
524.0,02:43:27,30.0,Sleep_stage_N2
525.0,02:43:57,30.0,Sleep_stage_N2
526.0,02:44:27,30.0,Sleep_stage_N2
527.0,02:44:57,30.0,Sleep_stage_N2
528.0,02:45:27,30.0,Sleep_stage_N2
529.0,02:45:57,30.0,Sleep_stage_N2
530.0,02:46:27,30.0,Sleep_stage_N2
531.0,02:46:57,30.0,Sleep_stage_N2
532.0,02:47:27,30.0,Sleep_stage_N2
533.0,02:47:57,30.0,Sleep_stage_N2
534.0,02:48:27,30.0,Sleep_stage_N2
535.0,02:48:57,30.0,Sleep_stage_N2
535.0,02:49:10,1.0,PLM - Isolated - 1
536.0,02:49:27,30.0,Sleep_stage_N2
537.0,02:49:57,30.0,Sleep_stage_N2
537.0,02:50:26,1.0,PLM - Periodic - 1
538.0,02:50:27,30.0,Sleep_stage_N2
539.0,02:50:57,30.0,Sleep_stage_W
539.0,02:51:09,2.4,PLM - Periodic - 1
540.0,02:51:27,30.0,Sleep_stage_W
540.0,02:51:27,2.4,PLM - Periodic - 1
540.0,02:51:45,4.5,PLM - Periodic - 1
541.0,02:51:57,30.0,Sleep_stage_N1
541.0,02:52:06,1.0,PLM - Periodic - 1
541.0,02:52:15,1.0,PLM - Periodic - 1
542.0,02:52:27,30.0,Sleep_stage_N1
542.0,02:52:33,1.8,PLM - Periodic - 1
543.0,02:52:57,30.0,Sleep_stage_N1
543.0,02:53:16,0.6,PLM - Periodic - 1
543.0,02:53:21,14.3,RespEvent - RERA - 6
544.0,02:53:27,30.0,Sleep_stage_N1
545.0,02:53:57,30.0,Sleep_stage_N1
545.0,02:53:58,2.6,PLM - Periodic - 1
545.0,02:54:26,0.1,PLM - Periodic - 1
546.0,02:54:27,30.0,Sleep_stage_N1
546.0,02:54:33,1.1,PLM - Periodic - 1
546.0,02:54:51,0.1,PLM - Periodic - 1
546.0,02:54:54,14.8,RespEvent - RERA - 6
547.0,02:54:57,30.0,Sleep_stage_N1
548.0,02:55:27,30.0,Sleep_stage_N1
548.0,02:55:27,16.1,RespEvent - RERA - 6
549.0,02:55:57,30.0,Sleep_stage_N1
549.0,02:56:04,12.9,RespEvent - RERA - 6
550.0,02:56:27,30.0,Sleep_stage_N2
551.0,02:56:57,30.0,Sleep_stage_N2
551.0,02:57:24,14.4,RespEvent - RERA - 6
552.0,02:57:27,30.0,Sleep_stage_N2
553.0,02:57:57,30.0,Sleep_stage_N2
554.0,02:58:27,30.0,Sleep_stage_N2
554.0,02:58:51,1.0,PLM - Isolated - 1
555.0,02:58:57,30.0,Sleep_stage_N2
555.0,02:59:08,15.0,RespEvent - RERA - 6
556.0,02:59:27,30.0,Sleep_stage_N2
556.0,02:59:49,26.9,RespEvent - RERA - 6
557.0,02:59:57,30.0,Sleep_stage_N2
558.0,03:00:27,30.0,Sleep_stage_N2
558.0,03:00:42,2.8,PLM - Isolated - 1
559.0,03:00:57,30.0,Sleep_stage_N2
560.0,03:01:27,30.0,Sleep_stage_N2
561.0,03:01:57,30.0,Sleep_stage_N2
561.0,03:02:23,16.6,RespEvent - RERA - 6
562.0,03:02:27,30.0,Sleep_stage_N2
563.0,03:02:57,30.0,Sleep_stage_N2
563.0,03:03:26,21.4,RespEvent - RERA - 6
564.0,03:03:27,30.0,Sleep_stage_N2
565.0,03:03:57,30.0,Sleep_stage_N2
566.0,03:04:27,30.0,Sleep_stage_N2
567.0,03:04:57,30.0,Sleep_stage_N2
568.0,03:05:27,30.0,Sleep_stage_N2
569.0,03:05:57,30.0,Sleep_stage_N2
569.0,03:06:21,0.6,PLM - Periodic - 1
570.0,03:06:27,30.0,Sleep_stage_N2
571.0,03:06:57,30.0,Sleep_stage_N2
572.0,03:07:27,30.0,Sleep_stage_N2
572.0,03:07:55,0.6,PLM - Periodic - 1
573.0,03:07:57,30.0,Sleep_stage_N2
574.0,03:08:27,30.0,Sleep_stage_N2
574.0,03:08:40,0.1,PLM - Periodic - 1
575.0,03:08:57,30.0,Sleep_stage_N2
575.0,03:09:21,0.6,PLM - Periodic - 1
576.0,03:09:27,30.0,Sleep_stage_N2
577.0,03:09:57,30.0,Sleep_stage_N2
577.0,03:10:12,0.1,PLM - Periodic - 1
578.0,03:10:27,30.0,Sleep_stage_N2
579.0,03:10:57,30.0,Sleep_stage_N2
580.0,03:11:27,30.0,Sleep_stage_N2
580.0,03:11:31,1.0,PLM - Periodic - 1
581.0,03:11:57,30.0,Sleep_stage_N2
582.0,03:12:27,30.0,Sleep_stage_N2
582.0,03:12:44,1.0,PLM - Periodic - 1
583.0,03:12:57,30.0,Sleep_stage_N2
583.0,03:13:04,1.3,PLM - Periodic - 1
584.0,03:13:27,30.0,Sleep_stage_N2
585.0,03:13:57,30.0,Sleep_stage_N2
585.0,03:14:16,0.4,PLM - Periodic - 1
586.0,03:14:27,30.0,Sleep_stage_N2
587.0,03:14:57,30.0,Sleep_stage_N2
588.0,03:15:27,30.0,Sleep_stage_N2
588.0,03:15:28,1.0,PLM - Periodic - 1
588.0,03:15:53,1.1,PLM - Periodic - 1
589.0,03:15:57,30.0,Sleep_stage_N2
589.0,03:16:16,0.4,PLM - Periodic - 1
590.0,03:16:27,30.0,Sleep_stage_N2
591.0,03:16:57,30.0,Sleep_stage_N2
592.0,03:17:27,30.0,Sleep_stage_N2
593.0,03:17:57,30.0,Sleep_stage_N2
594.0,03:18:27,30.0,Sleep_stage_N2
594.0,03:18:51,1.0,PLM - Periodic - 1
595.0,03:18:57,30.0,Sleep_stage_N2
596.0,03:19:27,30.0,Sleep_stage_N2
596.0,03:19:42,0.9,PLM - Periodic - 1
597.0,03:19:57,30.0,Sleep_stage_N2
598.0,03:20:27,30.0,Sleep_stage_N2
599.0,03:20:57,30.0,Sleep_stage_N2
600.0,03:21:27,30.0,Sleep_stage_N2
601.0,03:21:57,30.0,Sleep_stage_N1
602.0,03:22:27,30.0,Sleep_stage_W
602.0,03:22:41,0.005,Position - Supine - 1
603.0,03:22:57,30.0,Sleep_stage_N1
603.0,03:23:01,1.5,PLM - Periodic - 1
604.0,03:23:27,30.0,Sleep_stage_N2
605.0,03:23:57,30.0,Sleep_stage_N2
606.0,03:24:27,30.0,Sleep_stage_N2
607.0,03:24:57,30.0,Sleep_stage_N2
608.0,03:25:27,30.0,Sleep_stage_N2
609.0,03:25:57,30.0,Sleep_stage_N2
609.0,03:26:13,16.6,RespEvent - RERA - 6
610.0,03:26:27,30.0,Sleep_stage_N2
611.0,03:26:57,30.0,Sleep_stage_N2
611.0,03:27:24,17.395,RespEvent - RERA - 6
612.0,03:27:27,30.0,Sleep_stage_N2
613.0,03:27:57,30.0,Sleep_stage_N2
613.0,03:28:12,14.3,RespEvent - RERA - 6
614.0,03:28:27,30.0,Sleep_stage_N2
615.0,03:28:57,30.0,Sleep_stage_N2
616.0,03:29:27,30.0,Sleep_stage_N2
616.0,03:29:44,0.3,PLM - Periodic - 1
617.0,03:29:57,30.0,Sleep_stage_N2
618.0,03:30:27,30.0,Sleep_stage_N2
618.0,03:30:27,0.8,PLM - Periodic - 1
619.0,03:30:57,30.0,Sleep_stage_N2
619.0,03:30:59,0.9,PLM - Periodic - 1
620.0,03:31:27,30.0,Sleep_stage_N2
620.0,03:31:27,0.9,PLM - Periodic - 1
621.0,03:31:57,30.0,Sleep_stage_N2
622.0,03:32:27,30.0,Sleep_stage_N2
622.0,03:32:49,0.9,PLM - Periodic - 1
623.0,03:32:57,30.0,Sleep_stage_N2
624.0,03:33:27,30.0,Sleep_stage_N2
625.0,03:33:57,30.0,Sleep_stage_N2
626.0,03:34:27,30.0,Sleep_stage_N2
627.0,03:34:57,30.0,Sleep_stage_N2
628.0,03:35:27,30.0,Sleep_stage_N2
628.0,03:35:30,13.4,RespEvent - RERA - 6
629.0,03:35:57,30.0,Sleep_stage_N2
629.0,03:36:03,0.3,PLM - Periodic - 1
629.0,03:36:16,19.5,RespEvent - RERA - 6
630.0,03:36:27,30.0,Sleep_stage_N2
631.0,03:36:57,30.0,Sleep_stage_N2
631.0,03:37:08,20.0,RespEvent - RERA - 6
632.0,03:37:27,30.0,Sleep_stage_N2
632.0,03:37:48,0.005,Position - Left - 1
633.0,03:37:57,30.0,Sleep_stage_N2
633.0,03:38:12,1.3,PLM - Periodic - 1
634.0,03:38:27,30.0,Sleep_stage_N1
634.0,03:38:31,2.295,PLM - Periodic - 1
635.0,03:38:57,30.0,Sleep_stage_N2
635.0,03:39:14,2.0,PLM - Periodic - 1
636.0,03:39:27,30.0,Sleep_stage_N2
636.0,03:39:38,23.3,RespEvent - RERA - 6
637.0,03:39:57,30.0,Sleep_stage_N2
638.0,03:40:27,30.0,Sleep_stage_N2
638.0,03:40:36,24.0,RespEvent - RERA - 6
639.0,03:40:57,30.0,Sleep_stage_N2
640.0,03:41:27,30.0,Sleep_stage_N2
640.0,03:41:42,24.4,RespEvent - RERA - 6
641.0,03:41:57,30.0,Sleep_stage_N2
642.0,03:42:27,30.0,Sleep_stage_N2
643.0,03:42:57,30.0,Sleep_stage_N2
644.0,03:43:27,30.0,Sleep_stage_N2
645.0,03:43:57,30.0,Sleep_stage_N2
645.0,03:44:02,18.6,RespEvent - RERA - 6
646.0,03:44:27,30.0,Sleep_stage_N2
646.0,03:44:42,20.0,RespEvent - RERA - 6
647.0,03:44:57,30.0,Sleep_stage_N2
647.0,03:45:16,21.3,RespEvent - Hypopnea - 4
648.0,03:45:27,30.0,Sleep_stage_N1
649.0,03:45:57,30.0,Sleep_stage_N1
649.0,03:46:12,1.0,PLM - Isolated - 1
649.0,03:46:18,25.8,RespEvent - Hypopnea - 4
650.0,03:46:27,30.0,Sleep_stage_R
651.0,03:46:57,30.0,Sleep_stage_N1
651.0,03:47:06,30.2,RespEvent - Hypopnea - 4
652.0,03:47:27,30.0,Sleep_stage_R
653.0,03:47:57,30.0,Sleep_stage_N1
653.0,03:48:16,17.0,RespEvent - RERA - 6
654.0,03:48:27,30.0,Sleep_stage_N1
655.0,03:48:57,30.0,Sleep_stage_R
655.0,03:49:18,20.7,RespEvent - ObstructiveApnea - 1
656.0,03:49:27,30.0,Sleep_stage_R
657.0,03:49:57,30.0,Sleep_stage_R
657.0,03:50:12,18.5,RespEvent - ObstructiveApnea - 1
658.0,03:50:27,30.0,Sleep_stage_R
659.0,03:50:57,30.0,Sleep_stage_R
659.0,03:51:07,17.895,RespEvent - ObstructiveApnea - 1
660.0,03:51:27,30.0,Sleep_stage_R
661.0,03:51:57,30.0,Sleep_stage_R
661.0,03:52:13,16.395,RespEvent - RERA - 6
662.0,03:52:27,30.0,Sleep_stage_R
663.0,03:52:57,30.0,Sleep_stage_R
663.0,03:53:00,22.5,RespEvent - RERA - 6
664.0,03:53:27,30.0,Sleep_stage_R
664.0,03:53:53,30.0,RespEvent - RERA - 6
665.0,03:53:57,30.0,Sleep_stage_R
666.0,03:54:27,30.0,Sleep_stage_R
667.0,03:54:57,30.0,Sleep_stage_R
668.0,03:55:27,30.0,Sleep_stage_R
668.0,03:55:27,19.5,RespEvent - RERA - 6
669.0,03:55:57,30.0,Sleep_stage_R
670.0,03:56:27,30.0,Sleep_stage_R
671.0,03:56:57,30.0,Sleep_stage_R
671.0,03:57:24,15.0,RespEvent - RERA - 6
672.0,03:57:27,30.0,Sleep_stage_R
673.0,03:57:57,30.0,Sleep_stage_R
673.0,03:58:24,13.4,RespEvent - ObstructiveApnea - 1
674.0,03:58:27,30.0,Sleep_stage_R
675.0,03:58:57,30.0,Sleep_stage_R
675.0,03:59:12,15.0,RespEvent - RERA - 6
676.0,03:59:27,30.0,Sleep_stage_R
676.0,03:59:54,15.8,RespEvent - ObstructiveApnea - 1
677.0,03:59:57,30.0,Sleep_stage_R
678.0,04:00:27,30.0,Sleep_stage_R
678.0,04:00:48,16.895,RespEvent - ObstructiveApnea - 1
679.0,04:00:57,30.0,Sleep_stage_W
680.0,04:01:27,30.0,Sleep_stage_N1
680.0,04:01:49,2.8,PLM - Isolated - 1
681.0,04:01:57,30.0,Sleep_stage_N1
681.0,04:02:04,31.8,RespEvent - RERA - 6
682.0,04:02:27,30.0,Sleep_stage_N1
682.0,04:02:52,21.7,RespEvent - RERA - 6
683.0,04:02:57,30.0,Sleep_stage_N1
684.0,04:03:27,30.0,Sleep_stage_N1
684.0,04:03:36,2.1,PLM - Periodic - 1
685.0,04:03:57,30.0,Sleep_stage_N1
685.0,04:04:05,2.0,PLM - Periodic - 1
686.0,04:04:27,30.0,Sleep_stage_N1
686.0,04:04:44,0.4,PLM - Periodic - 1
687.0,04:04:57,30.0,Sleep_stage_N1
687.0,04:05:05,24.0,RespEvent - Hypopnea - 4
688.0,04:05:27,30.0,Sleep_stage_N1
688.0,04:05:56,20.3,RespEvent - RERA - 6
689.0,04:05:57,30.0,Sleep_stage_N1
690.0,04:06:27,30.0,Sleep_stage_N1
691.0,04:06:57,30.0,Sleep_stage_N1
691.0,04:06:58,11.0,RespEvent - ObstructiveApnea - 1
692.0,04:07:27,30.0,Sleep_stage_N1
692.0,04:07:29,27.3,RespEvent - RERA - 6
693.0,04:07:57,30.0,Sleep_stage_N2
694.0,04:08:27,30.0,Sleep_stage_N1
694.0,04:08:30,17.1,RespEvent - ObstructiveApnea - 1
695.0,04:08:57,30.0,Sleep_stage_N1
695.0,04:09:21,18.0,RespEvent - ObstructiveApnea - 1
696.0,04:09:27,30.0,Sleep_stage_N1
697.0,04:09:57,30.0,Sleep_stage_N2
697.0,04:10:05,26.4,RespEvent - RERA - 6
698.0,04:10:27,30.0,Sleep_stage_N1
698.0,04:10:52,14.1,RespEvent - ObstructiveApnea - 1
699.0,04:10:57,30.0,Sleep_stage_N2
700.0,04:11:27,30.0,Sleep_stage_N2
701.0,04:11:57,30.0,Sleep_stage_N2
701.0,04:12:07,17.8,RespEvent - RERA - 6
702.0,04:12:27,30.0,Sleep_stage_N2
703.0,04:12:57,30.0,Sleep_stage_N2
703.0,04:12:57,15.3,RespEvent - ObstructiveApnea - 1
704.0,04:13:27,30.0,Sleep_stage_N2
704.0,04:13:45,20.395,RespEvent - RERA - 6
705.0,04:13:57,30.0,Sleep_stage_N2
706.0,04:14:27,30.0,Sleep_stage_N2
707.0,04:14:57,30.0,Sleep_stage_N2
708.0,04:15:27,30.0,Sleep_stage_N2
708.0,04:15:35,21.4,RespEvent - RERA - 6
709.0,04:15:57,30.0,Sleep_stage_N2
709.0,04:16:21,18.8,RespEvent - RERA - 6
710.0,04:16:27,30.0,Sleep_stage_N2
711.0,04:16:57,30.0,Sleep_stage_N2
711.0,04:17:19,17.8,RespEvent - RERA - 6
712.0,04:17:27,30.0,Sleep_stage_N2
713.0,04:17:57,30.0,Sleep_stage_N2
714.0,04:18:27,30.0,Sleep_stage_N2
714.0,04:18:39,1.0,PLM - Periodic - 1
715.0,04:18:57,30.0,Sleep_stage_N2
716.0,04:19:27,30.0,Sleep_stage_N2
716.0,04:19:49,0.5,PLM - Periodic - 1
717.0,04:19:57,30.0,Sleep_stage_N2
717.0,04:20:20,1.1,PLM - Periodic - 1
718.0,04:20:27,30.0,Sleep_stage_N2
718.0,04:20:38,1.1,PLM - Periodic - 1
719.0,04:20:57,30.0,Sleep_stage_N2
719.0,04:21:04,2.6,PLM - Periodic - 1
719.0,04:21:19,0.9,PLM - Periodic - 1
720.0,04:21:27,30.0,Sleep_stage_N2
720.0,04:21:54,2.5,PLM - Periodic - 1
721.0,04:21:57,30.0,Sleep_stage_N2
721.0,04:22:13,0.8,PLM - Periodic - 1
722.0,04:22:27,30.0,Sleep_stage_N2
722.0,04:22:30,2.8,PLM - Periodic - 1
722.0,04:22:49,0.8,PLM - Periodic - 1
723.0,04:22:57,30.0,Sleep_stage_N2
723.0,04:23:10,1.0,PLM - Periodic - 1
724.0,04:23:27,30.0,Sleep_stage_N2
724.0,04:23:50,1.0,PLM - Periodic - 1
725.0,04:23:57,30.0,Sleep_stage_N2
725.0,04:24:05,0.4,PLM - Periodic - 1
726.0,04:24:27,30.0,Sleep_stage_N2
726.0,04:24:27,1.9,PLM - Periodic - 1
726.0,04:24:48,0.4,PLM - Periodic - 1
727.0,04:24:57,30.0,Sleep_stage_N2
727.0,04:25:13,0.4,PLM - Periodic - 1
728.0,04:25:27,30.0,Sleep_stage_N2
728.0,04:25:37,1.9,PLM - Periodic - 1
729.0,04:25:57,30.0,Sleep_stage_N2
729.0,04:25:57,0.9,PLM - Periodic - 1
729.0,04:26:17,1.8,PLM - Periodic - 1
730.0,04:26:27,30.0,Sleep_stage_N2
730.0,04:26:35,1.8,PLM - Periodic - 1
731.0,04:26:57,30.0,Sleep_stage_N2
731.0,04:26:59,1.0,PLM - Periodic - 1
731.0,04:27:20,1.0,PLM - Periodic - 1
732.0,04:27:27,30.0,Sleep_stage_W
733.0,04:27:57,30.0,Sleep_stage_W
734.0,04:28:27,30.0,Sleep_stage_W
734.0,04:28:29,0.005,Position - Supine - 1
735.0,04:28:57,30.0,Sleep_stage_W
736.0,04:29:27,30.0,Sleep_stage_W
736.0,04:29:34,1.6,PLM - Periodic - 1
736.0,04:29:47,2.8,PLM - Periodic - 1
737.0,04:29:57,30.0,Sleep_stage_W
737.0,04:30:17,2.8,PLM - Periodic - 1
738.0,04:30:27,30.0,Sleep_stage_N1
738.0,04:30:48,1.5,PLM - Periodic - 1
739.0,04:30:57,30.0,Sleep_stage_W
739.0,04:31:03,2.5,PLM - Periodic - 1
739.0,04:31:18,2.6,PLM - Periodic - 1
740.0,04:31:27,30.0,Sleep_stage_N1
740.0,04:31:40,1.0,PLM - Periodic - 1
741.0,04:31:57,30.0,Sleep_stage_W
741.0,04:32:06,3.1,PLM - Periodic - 1
741.0,04:32:15,0.005,Position - Left - 1
742.0,04:32:27,30.0,Sleep_stage_W
742.0,04:32:31,2.5,PLM - Periodic - 1
743.0,04:32:57,30.0,Sleep_stage_W
743.0,04:33:05,5.0,PLM - Periodic - 1
744.0,04:33:27,30.0,Sleep_stage_W
744.0,04:33:44,1.0,PLM - Periodic - 1
745.0,04:33:57,30.0,Sleep_stage_N1
745.0,04:34:01,3.4,PLM - Periodic - 1
745.0,04:34:24,1.3,PLM - Periodic - 1
746.0,04:34:27,30.0,Sleep_stage_N1
746.0,04:34:44,14.0,RespEvent - RERA - 6
747.0,04:34:57,30.0,Sleep_stage_N1
748.0,04:35:27,30.0,Sleep_stage_N1
749.0,04:35:57,30.0,Sleep_stage_N1
749.0,04:36:08,1.5,PLM - Periodic - 1
750.0,04:36:27,30.0,Sleep_stage_N1
750.0,04:36:33,1.0,PLM - Periodic - 1
750.0,04:36:41,0.9,PLM - Periodic - 1
750.0,04:36:50,0.9,PLM - Periodic - 1
751.0,04:36:57,30.0,Sleep_stage_N2
751.0,04:36:59,14.3,RespEvent - RERA - 6
752.0,04:37:27,30.0,Sleep_stage_N1
752.0,04:37:36,20.2,RespEvent - RERA - 6
753.0,04:37:57,30.0,Sleep_stage_N1
754.0,04:38:27,30.0,Sleep_stage_N2
755.0,04:38:57,30.0,Sleep_stage_N2
756.0,04:39:27,30.0,Sleep_stage_N2
756.0,04:39:53,15.8,RespEvent - RERA - 6
757.0,04:39:57,30.0,Sleep_stage_N2
758.0,04:40:27,30.0,Sleep_stage_N2
758.0,04:40:44,19.8,RespEvent - RERA - 6
759.0,04:40:57,30.0,Sleep_stage_N2
760.0,04:41:27,30.0,Sleep_stage_N2
761.0,04:41:57,30.0,Sleep_stage_N2
762.0,04:42:27,30.0,Sleep_stage_N2
763.0,04:42:57,30.0,Sleep_stage_N2
764.0,04:43:27,30.0,Sleep_stage_N2
765.0,04:43:57,30.0,Sleep_stage_N2
766.0,04:44:27,30.0,Sleep_stage_N2
767.0,04:44:57,30.0,Sleep_stage_N2
767.0,04:45:14,19.3,RespEvent - RERA - 6
768.0,04:45:27,30.0,Sleep_stage_N2
769.0,04:45:57,30.0,Sleep_stage_N2
769.0,04:46:22,1.0,PLM - Periodic - 1
770.0,04:46:27,30.0,Sleep_stage_N2
771.0,04:46:57,30.0,Sleep_stage_N2
771.0,04:46:59,1.0,PLM - Periodic - 1
772.0,04:47:27,30.0,Sleep_stage_N2
772.0,04:47:32,1.0,PLM - Periodic - 1
773.0,04:47:57,30.0,Sleep_stage_N2
774.0,04:48:27,30.0,Sleep_stage_N2
774.0,04:48:37,1.5,PLM - Periodic - 1
775.0,04:48:57,30.0,Sleep_stage_N2
775.0,04:49:05,1.4,PLM - Periodic - 1
776.0,04:49:27,30.0,Sleep_stage_N2
776.0,04:49:46,1.5,PLM - Periodic - 1
777.0,04:49:57,30.0,Sleep_stage_N2
777.0,04:49:57,0.9,PLM - Periodic - 1
777.0,04:50:14,0.6,PLM - Periodic - 1
778.0,04:50:27,30.0,Sleep_stage_N2
778.0,04:50:32,0.3,PLM - Periodic - 1
779.0,04:50:57,30.0,Sleep_stage_N2
780.0,04:51:27,30.0,Sleep_stage_N2
780.0,04:51:29,1.0,PLM - Periodic - 1
781.0,04:51:57,30.0,Sleep_stage_N2
782.0,04:52:27,30.0,Sleep_stage_N2
782.0,04:52:33,0.5,PLM - Periodic - 1
782.0,04:52:52,0.4,PLM - Periodic - 1
783.0,04:52:57,30.0,Sleep_stage_N2
783.0,04:53:09,0.9,PLM - Periodic - 1
784.0,04:53:27,30.0,Sleep_stage_N2
784.0,04:53:29,1.0,PLM - Periodic - 1
784.0,04:53:55,1.6,PLM - Periodic - 1
785.0,04:53:57,30.0,Sleep_stage_N2
785.0,04:54:22,1.5,PLM - Periodic - 1
786.0,04:54:27,30.0,Sleep_stage_N2
786.0,04:54:51,0.1,PLM - Periodic - 1
787.0,04:54:57,30.0,Sleep_stage_N2
787.0,04:55:06,1.0,PLM - Periodic - 1
788.0,04:55:27,30.0,Sleep_stage_N2
789.0,04:55:57,30.0,Sleep_stage_N2
789.0,04:56:11,1.0,PLM - Periodic - 1
790.0,04:56:27,30.0,Sleep_stage_N2
790.0,04:56:36,24.7,RespEvent - RERA - 6
791.0,04:56:57,30.0,Sleep_stage_N2
792.0,04:57:27,30.0,Sleep_stage_W
792.0,04:57:28,1.0,PLM - Periodic - 1
792.0,04:57:53,1.5,PLM - Periodic - 1
793.0,04:57:57,30.0,Sleep_stage_N1
793.0,04:58:14,1.0,PLM - Periodic - 1
793.0,04:58:24,1.0,PLM - Periodic - 1
794.0,04:58:27,30.0,Sleep_stage_N1
794.0,04:58:47,0.3,PLM - Periodic - 1
795.0,04:58:57,30.0,Sleep_stage_N1
795.0,04:59:00,1.0,PLM - Periodic - 1
795.0,04:59:18,3.1,PLM - Periodic - 1
796.0,04:59:27,30.0,Sleep_stage_N1
796.0,04:59:28,14.1,RespEvent - RERA - 6
797.0,04:59:57,30.0,Sleep_stage_N1
797.0,05:00:18,1.4,PLM - Periodic - 1
798.0,05:00:27,30.0,Sleep_stage_W
798.0,05:00:55,0.005,Position - Supine - 1
799.0,05:00:57,30.0,Sleep_stage_W
800.0,05:01:27,30.0,Sleep_stage_W
800.0,05:01:31,1.0,PLM - Periodic - 1
801.0,05:01:57,30.0,Sleep_stage_N1
801.0,05:02:08,2.1,PLM - Periodic - 1
802.0,05:02:27,30.0,Sleep_stage_N1
802.0,05:02:41,1.9,PLM - Periodic - 1
803.0,05:02:57,30.0,Sleep_stage_N1
803.0,05:03:02,3.4,PLM - Periodic - 1
803.0,05:03:26,1.0,PLM - Periodic - 1
804.0,05:03:27,30.0,Sleep_stage_N1
804.0,05:03:43,4.0,PLM - Periodic - 1
805.0,05:03:57,30.0,Sleep_stage_N1
805.0,05:04:16,1.8,PLM - Periodic - 1
806.0,05:04:27,30.0,Sleep_stage_W
806.0,05:04:52,0.9,PLM - Periodic - 1
807.0,05:04:57,30.0,Sleep_stage_W
808.0,05:05:27,30.0,Sleep_stage_W
808.0,05:05:31,1.0,PLM - Periodic - 1
808.0,05:05:53,1.4,PLM - Periodic - 1
809.0,05:05:57,30.0,Sleep_stage_W
810.0,05:06:27,30.0,Sleep_stage_W
810.0,05:06:42,2.5,PLM - Periodic - 1
811.0,05:06:57,30.0,Sleep_stage_W
811.0,05:07:03,0.1,PLM - Periodic - 1
811.0,05:07:22,3.0,PLM - Periodic - 1
812.0,05:07:27,30.0,Sleep_stage_W
812.0,05:07:49,1.0,PLM - Periodic - 1
813.0,05:07:57,30.0,Sleep_stage_W
814.0,05:08:27,30.0,Sleep_stage_W
814.0,05:08:55,1.9,PLM - Periodic - 1
815.0,05:08:57,30.0,Sleep_stage_W
816.0,05:09:27,30.0,Sleep_stage_W
817.0,05:09:57,30.0,Sleep_stage_W
818.0,05:10:27,30.0,Sleep_stage_W
819.0,05:10:57,30.0,Sleep_stage_W
820.0,05:11:27,30.0,Sleep_stage_W
821.0,05:11:57,30.0,Sleep_stage_W
822.0,05:12:27,30.0,Sleep_stage_W
823.0,05:12:57,30.0,Sleep_stage_W
824.0,05:13:27,30.0,Sleep_stage_W
825.0,05:13:57,30.0,Sleep_stage_W
826.0,05:14:27,30.0,Sleep_stage_W
827.0,05:14:57,30.0,Sleep_stage_W
827.0,05:15:08,1.0,PLM - Periodic - 1
828.0,05:15:27,30.0,Sleep_stage_N1
828.0,05:15:51,1.1,PLM - Periodic - 1
829.0,05:15:57,30.0,Sleep_stage_N1
829.0,05:16:26,0.5,PLM - Periodic - 1
830.0,05:16:27,30.0,Sleep_stage_N1
831.0,05:16:57,30.0,Sleep_stage_W
831.0,05:17:05,1.0,PLM - Periodic - 1
832.0,05:17:27,30.0,Sleep_stage_W
832.0,05:17:37,1.1,PLM - Periodic - 1
833.0,05:17:57,30.0,Sleep_stage_N1
833.0,05:18:24,0.5,PLM - Periodic - 1
834.0,05:18:27,30.0,Sleep_stage_N1
834.0,05:18:45,18.5,RespEvent - RERA - 6
835.0,05:18:57,30.0,Sleep_stage_N1
835.0,05:19:17,16.8,RespEvent - RERA - 6
836.0,05:19:27,30.0,Sleep_stage_N1
836.0,05:19:47,24.0,RespEvent - Hypopnea - 4
837.0,05:19:57,30.0,Sleep_stage_N1
838.0,05:20:27,30.0,Sleep_stage_N1
838.0,05:20:30,14.8,RespEvent - RERA - 6
839.0,05:20:57,30.0,Sleep_stage_N1
839.0,05:21:08,20.3,RespEvent - RERA - 6
840.0,05:21:27,30.0,Sleep_stage_N1
841.0,05:21:57,30.0,Sleep_stage_N1
841.0,05:22:23,1.3,PLM - Isolated - 1
842.0,05:22:27,30.0,Sleep_stage_N1
842.0,05:22:32,23.9,RespEvent - RERA - 6
843.0,05:22:57,30.0,Sleep_stage_N1
843.0,05:23:26,18.395,RespEvent - RERA - 6
844.0,05:23:27,30.0,Sleep_stage_N1
845.0,05:23:57,30.0,Sleep_stage_N1
845.0,05:24:08,20.1,RespEvent - RERA - 6
846.0,05:24:27,30.0,Sleep_stage_N1
846.0,05:24:51,21.5,RespEvent - RERA - 6
847.0,05:24:57,30.0,Sleep_stage_N1
848.0,05:25:27,30.0,Sleep_stage_N1
848.0,05:25:31,18.6,RespEvent - RERA - 6
849.0,05:25:57,30.0,Sleep_stage_N1
849.0,05:26:09,18.395,RespEvent - RERA - 6
850.0,05:26:27,30.0,Sleep_stage_N1
850.0,05:26:46,17.1,RespEvent - RERA - 6
851.0,05:26:57,30.0,Sleep_stage_N1
851.0,05:27:23,18.3,RespEvent - RERA - 6
852.0,05:27:27,30.0,Sleep_stage_N1
853.0,05:27:57,30.0,Sleep_stage_W
853.0,05:28:19,1.4,PLM - Periodic - 1
854.0,05:28:27,30.0,Sleep_stage_N1
854.0,05:28:46,3.0,PLM - Periodic - 1
855.0,05:28:57,30.0,Sleep_stage_W
856.0,05:29:27,30.0,Sleep_stage_W
856.0,05:29:34,2.0,PLM - Periodic - 1
857.0,05:29:57,30.0,Sleep_stage_W
858.0,05:30:27,30.0,Sleep_stage_W
858.0,05:30:28,3.3,PLM - Periodic - 1
859.0,05:30:57,30.0,Sleep_stage_W
859.0,05:31:26,1.8,PLM - Periodic - 1
860.0,05:31:27,30.0,Sleep_stage_N1
860.0,05:31:45,17.895,RespEvent - RERA - 6
861.0,05:31:57,30.0,Sleep_stage_N1
862.0,05:32:27,30.0,Sleep_stage_W
862.0,05:32:35,2.1,PLM - Periodic - 1
863.0,05:32:57,30.0,Sleep_stage_W
863.0,05:33:07,1.0,PLM - Periodic - 1
864.0,05:33:27,30.0,Sleep_stage_W
864.0,05:33:30,1.1,PLM - Periodic - 1
865.0,05:33:57,30.0,Sleep_stage_W
865.0,05:34:20,1.1,PLM - Periodic - 1
866.0,05:34:27,30.0,Sleep_stage_W
866.0,05:34:49,2.0,PLM - Periodic - 1
867.0,05:34:57,30.0,Sleep_stage_W
867.0,05:35:24,1.9,PLM - Periodic - 1
868.0,05:35:27,30.0,Sleep_stage_W
868.0,05:35:39,0.8,PLM - Periodic - 1
868.0,05:35:47,0.1,PLM - Periodic - 1
868.0,05:35:56,1.3,PLM - Periodic - 1
869.0,05:35:57,30.0,Sleep_stage_W
869.0,05:36:24,0.1,PLM - Periodic - 1
870.0,05:36:27,30.0,Sleep_stage_W
870.0,05:36:41,1.5,PLM - Periodic - 1
871.0,05:36:57,30.0,Sleep_stage_W
871.0,05:37:14,1.0,PLM - Periodic - 1
872.0,05:37:27,30.0,Sleep_stage_W
872.0,05:37:46,4.4,PLM - Periodic - 1
873.0,05:37:57,30.0,Sleep_stage_W
874.0,05:38:27,30.0,Sleep_stage_W
875.0,05:38:57,30.0,Sleep_stage_W
875.0,05:39:08,3.0,PLM - Periodic - 1
876.0,05:39:27,30.0,Sleep_stage_W
876.0,05:39:40,1.0,PLM - Periodic - 1
877.0,05:39:57,30.0,Sleep_stage_W
877.0,05:40:16,2.6,PLM - Periodic - 1
878.0,05:40:27,30.0,Sleep_stage_W
878.0,05:40:41,1.5,PLM - Periodic - 1
879.0,05:40:57,30.0,Sleep_stage_W
879.0,05:41:15,2.8,PLM - Periodic - 1
880.0,05:41:27,30.0,Sleep_stage_W
880.0,05:41:46,1.0,PLM - Periodic - 1
881.0,05:41:57,30.0,Sleep_stage_W
881.0,05:42:19,2.5,PLM - Periodic - 1
882.0,05:42:27,30.0,Sleep_stage_W
882.0,05:42:42,1.0,PLM - Periodic - 1
883.0,05:42:57,30.0,Sleep_stage_W
883.0,05:43:06,2.8,PLM - Periodic - 1
883.0,05:43:25,0.1,PLM - Periodic - 1
884.0,05:43:27,30.0,Sleep_stage_W
885.0,05:43:57,30.0,Sleep_stage_W
885.0,05:43:57,1.8,PLM - Periodic - 1
885.0,05:44:23,4.0,PLM - Periodic - 1
886.0,05:44:27,30.0,Sleep_stage_W
887.0,05:44:57,30.0,Sleep_stage_W
887.0,05:45:01,3.0,PLM - Periodic - 1
888.0,05:45:27,30.0,Sleep_stage_W
888.0,05:45:40,1.8,PLM - Periodic - 1
889.0,05:45:57,30.0,Sleep_stage_W
889.0,05:46:13,1.3,PLM - Periodic - 1
890.0,05:46:27,30.0,Sleep_stage_W
890.0,05:46:51,3.6,PLM - Periodic - 1
891.0,05:46:57,30.0,Sleep_stage_W
892.0,05:47:27,30.0,Sleep_stage_N1
892.0,05:47:31,1.9,PLM - Periodic - 1
893.0,05:47:57,30.0,Sleep_stage_N1
893.0,05:48:01,12.1,RespEvent - RERA - 6
894.0,05:48:27,30.0,Sleep_stage_N1
894.0,05:48:30,14.0,RespEvent - RERA - 6
895.0,05:48:57,30.0,Sleep_stage_N1
895.0,05:49:05,17.895,RespEvent - RERA - 6
896.0,05:49:27,30.0,Sleep_stage_N1
896.0,05:49:42,17.0,RespEvent - RERA - 6
897.0,05:49:57,30.0,Sleep_stage_N1
898.0,05:50:27,30.0,Sleep_stage_W
898.0,05:50:48,1.3,PLM - Periodic - 1
899.0,05:50:57,30.0,Sleep_stage_N1
899.0,05:51:14,0.5,PLM - Periodic - 1
900.0,05:51:27,30.0,Sleep_stage_W
900.0,05:51:31,0.9,PLM - Periodic - 1
900.0,05:51:43,1.1,PLM - Periodic - 1
901.0,05:51:57,30.0,Sleep_stage_W
902.0,05:52:27,30.0,Sleep_stage_W
902.0,05:52:36,1.9,PLM - Periodic - 1
903.0,05:52:57,30.0,Sleep_stage_W
903.0,05:53:07,2.9,PLM - Periodic - 1
904.0,05:53:27,30.0,Sleep_stage_N1
904.0,05:53:27,13.0,RespEvent - RERA - 6
905.0,05:53:57,30.0,Sleep_stage_N1
905.0,05:54:02,16.3,RespEvent - RERA - 6
906.0,05:54:27,30.0,Sleep_stage_N1
906.0,05:54:41,15.6,RespEvent - RERA - 6
907.0,05:54:57,30.0,Sleep_stage_N1
907.0,05:55:10,1.0,PLM - Periodic - 1
907.0,05:55:21,12.5,RespEvent - RERA - 6
908.0,05:55:27,30.0,Sleep_stage_N1
908.0,05:55:48,17.1,RespEvent - Hypopnea - 4
909.0,05:55:57,30.0,Sleep_stage_N1
909.0,05:56:25,20.0,RespEvent - Hypopnea - 4
910.0,05:56:27,30.0,Sleep_stage_N1
911.0,05:56:57,30.0,Sleep_stage_N1
911.0,05:57:09,16.5,RespEvent - Hypopnea - 4
912.0,05:57:27,30.0,Sleep_stage_N1
912.0,05:57:39,18.3,RespEvent - Hypopnea - 4
913.0,05:57:57,30.0,Sleep_stage_N1
,05:58:27,,LIGHTS ON
914.0,05:58:27,30.0,Sleep_stage_N1
915.0,05:58:57,30.0,Sleep_stage_N1
916.0,05:59:27,30.0,Sleep_stage_N1
917.0,05:59:57,30.0,Sleep_stage_N1
918.0,06:00:27,30.0,Sleep_stage_N1
919.0,06:00:57,30.0,Sleep_stage_N1
920.0,06:01:27,30.0,Sleep_stage_N1
921.0,06:01:57,30.0,Sleep_stage_N1
